.githooks/pre-commit	‹unit test command›	Working rule: Which command runs only the unit tests of this project? R-TEST-05 gives one command for all tests together: `go test ./...`, then `go test -race ./...`. It runs the unit, contract, store and end-to-end tests. The store tests use a local PostgreSQL (R-TEST-02). The problem statement gives no command for the unit tests alone.
.githooks/pre-commit	‹integration test command›	Working rule: Which command runs only the integration tests of this project? R-TEST-05 gives one command for all tests together: `go test ./...`, then `go test -race ./...`. The problem statement gives no command, tag or path that selects the integration tests alone.
.githooks/pre-commit	‹end-to-end test command›	Working rule: Which command runs only the end-to-end tests of this project? R-TEST-05 gives one command for all tests together: `go test ./...`, then `go test -race ./...`. The problem statement gives no command, tag or path that selects the end-to-end tests alone.
.githooks/pre-commit	‹security test command›	Working rule: Which command runs the security checks of this project: a secret scan, a dependency scan and a static-analysis scan? R-SEC-02 says that no secret may enter Git, prompts, public responses, fixtures or logs. The problem statement names no command for these checks.
.githooks/pre-commit	‹security scanner›	Working rule: Which tool is the security scanner of this project? R-SEC-02 says that no secret may enter Git, prompts, public responses, fixtures or logs. The problem statement names no scanner.
docs/ci/README.md	‹owner›	Unused template: What value does this marker get? This marker is in a workflow template of the baseline under `docs/ci/`, or in the text that describes it. The workflow templates are inert: no job runs them. The workflows of this project are separate files in `.github/workflows/`, and the jobs lint, tests and security of the template are not in them. The linter scripts of `docs/ci/` are not inert: the workflows of this project run `pr-link-lint` and `review-record-lint`. The marker stays open until the project uses the template.
docs/ci/README.md	‹repo›	Unused template: What value does this marker get? This marker is in a workflow template of the baseline under `docs/ci/`, or in the text that describes it. The workflow templates are inert: no job runs them. The workflows of this project are separate files in `.github/workflows/`, and the jobs lint, tests and security of the template are not in them. The linter scripts of `docs/ci/` are not inert: the workflows of this project run `pr-link-lint` and `review-record-lint`. The marker stays open until the project uses the template.
docs/ci/README.md	‹default branch›	Unused template: What value does this marker get? This marker is in a workflow template of the baseline under `docs/ci/`, or in the text that describes it. The workflow templates are inert: no job runs them. The workflows of this project are separate files in `.github/workflows/`, and the jobs lint, tests and security of the template are not in them. The linter scripts of `docs/ci/` are not inert: the workflows of this project run `pr-link-lint` and `review-record-lint`. The marker stays open until the project uses the template.
docs/ci/README.md	‹the setting under which a failing pipeline blocks the merge,	Unused template: What value does this marker get? This marker is in a workflow template of the baseline under `docs/ci/`, or in the text that describes it. The workflow templates are inert: no job runs them. The workflows of this project are separate files in `.github/workflows/`, and the jobs lint, tests and security of the template are not in them. The linter scripts of `docs/ci/` are not inert: the workflows of this project run `pr-link-lint` and `review-record-lint`. The marker stays open until the project uses the template.
docs/ci/README.md	‹the setting under which a failing	Unused template: What value does this marker get? This marker is in a workflow template of the baseline under `docs/ci/`, or in the text that describes it. The workflow templates are inert: no job runs them. The workflows of this project are separate files in `.github/workflows/`, and the jobs lint, tests and security of the template are not in them. The linter scripts of `docs/ci/` are not inert: the workflows of this project run `pr-link-lint` and `review-record-lint`. The marker stays open until the project uses the template.
docs/ci/README.md	‹your linter/formatter›	Unused template: What value does this marker get? This marker is in a workflow template of the baseline under `docs/ci/`, or in the text that describes it. The workflow templates are inert: no job runs them. The workflows of this project are separate files in `.github/workflows/`, and the jobs lint, tests and security of the template are not in them. The linter scripts of `docs/ci/` are not inert: the workflows of this project run `pr-link-lint` and `review-record-lint`. The marker stays open until the project uses the template.
docs/ci/README.md	‹security scanner›	Unused template: What value does this marker get? This marker is in a workflow template of the baseline under `docs/ci/`, or in the text that describes it. The workflow templates are inert: no job runs them. The workflows of this project are separate files in `.github/workflows/`, and the jobs lint, tests and security of the template are not in them. The linter scripts of `docs/ci/` are not inert: the workflows of this project run `pr-link-lint` and `review-record-lint`. The marker stays open until the project uses the template.
docs/ci/github-actions-ci.yml	‹default branch, e.g. main›	Unused template: What value does this marker get? This marker is in a workflow template of the baseline under `docs/ci/`, or in the text that describes it. The workflow templates are inert: no job runs them. The workflows of this project are separate files in `.github/workflows/`, and the jobs lint, tests and security of the template are not in them. The linter scripts of `docs/ci/` are not inert: the workflows of this project run `pr-link-lint` and `review-record-lint`. The marker stays open until the project uses the template.
docs/ci/github-actions-ci.yml	‹your linter/formatter›	Unused template: What value does this marker get? This marker is in a workflow template of the baseline under `docs/ci/`, or in the text that describes it. The workflow templates are inert: no job runs them. The workflows of this project are separate files in `.github/workflows/`, and the jobs lint, tests and security of the template are not in them. The linter scripts of `docs/ci/` are not inert: the workflows of this project run `pr-link-lint` and `review-record-lint`. The marker stays open until the project uses the template.
docs/ci/github-actions-ci.yml	‹set up your toolchain here›	Unused template: What value does this marker get? This marker is in a workflow template of the baseline under `docs/ci/`, or in the text that describes it. The workflow templates are inert: no job runs them. The workflows of this project are separate files in `.github/workflows/`, and the jobs lint, tests and security of the template are not in them. The linter scripts of `docs/ci/` are not inert: the workflows of this project run `pr-link-lint` and `review-record-lint`. The marker stays open until the project uses the template.
docs/ci/github-actions-ci.yml	‹lint command, e.g. a formatter --check plus a linter›	Unused template: What value does this marker get? This marker is in a workflow template of the baseline under `docs/ci/`, or in the text that describes it. The workflow templates are inert: no job runs them. The workflows of this project are separate files in `.github/workflows/`, and the jobs lint, tests and security of the template are not in them. The linter scripts of `docs/ci/` are not inert: the workflows of this project run `pr-link-lint` and `review-record-lint`. The marker stays open until the project uses the template.
docs/ci/github-actions-ci.yml	‹unit test command›	Unused template: What value does this marker get? This marker is in a workflow template of the baseline under `docs/ci/`, or in the text that describes it. The workflow templates are inert: no job runs them. The workflows of this project are separate files in `.github/workflows/`, and the jobs lint, tests and security of the template are not in them. The linter scripts of `docs/ci/` are not inert: the workflows of this project run `pr-link-lint` and `review-record-lint`. The marker stays open until the project uses the template.
docs/ci/github-actions-ci.yml	‹integration test command›	Unused template: What value does this marker get? This marker is in a workflow template of the baseline under `docs/ci/`, or in the text that describes it. The workflow templates are inert: no job runs them. The workflows of this project are separate files in `.github/workflows/`, and the jobs lint, tests and security of the template are not in them. The linter scripts of `docs/ci/` are not inert: the workflows of this project run `pr-link-lint` and `review-record-lint`. The marker stays open until the project uses the template.
docs/ci/github-actions-ci.yml	‹end-to-end test command›	Unused template: What value does this marker get? This marker is in a workflow template of the baseline under `docs/ci/`, or in the text that describes it. The workflow templates are inert: no job runs them. The workflows of this project are separate files in `.github/workflows/`, and the jobs lint, tests and security of the template are not in them. The linter scripts of `docs/ci/` are not inert: the workflows of this project run `pr-link-lint` and `review-record-lint`. The marker stays open until the project uses the template.
docs/ci/github-actions-ci.yml	‹test timeout›	Unused template: What value does this marker get? This marker is in a workflow template of the baseline under `docs/ci/`, or in the text that describes it. The workflow templates are inert: no job runs them. The workflows of this project are separate files in `.github/workflows/`, and the jobs lint, tests and security of the template are not in them. The linter scripts of `docs/ci/` are not inert: the workflows of this project run `pr-link-lint` and `review-record-lint`. The marker stays open until the project uses the template.
docs/ci/github-actions-ci.yml	‹security scanner›	Unused template: What value does this marker get? This marker is in a workflow template of the baseline under `docs/ci/`, or in the text that describes it. The workflow templates are inert: no job runs them. The workflows of this project are separate files in `.github/workflows/`, and the jobs lint, tests and security of the template are not in them. The linter scripts of `docs/ci/` are not inert: the workflows of this project run `pr-link-lint` and `review-record-lint`. The marker stays open until the project uses the template.
docs/ci/github-actions-ci.yml	‹security test command›	Unused template: What value does this marker get? This marker is in a workflow template of the baseline under `docs/ci/`, or in the text that describes it. The workflow templates are inert: no job runs them. The workflows of this project are separate files in `.github/workflows/`, and the jobs lint, tests and security of the template are not in them. The linter scripts of `docs/ci/` are not inert: the workflows of this project run `pr-link-lint` and `review-record-lint`. The marker stays open until the project uses the template.
docs/ci/gitlab-ci.yml	‹your toolchain image›	Unused template: What value does this marker get? This marker is in a workflow template of the baseline under `docs/ci/`, or in the text that describes it. The workflow templates are inert: no job runs them. The workflows of this project are separate files in `.github/workflows/`, and the jobs lint, tests and security of the template are not in them. The linter scripts of `docs/ci/` are not inert: the workflows of this project run `pr-link-lint` and `review-record-lint`. The marker stays open until the project uses the template.
docs/ci/gitlab-ci.yml	‹lint command, e.g. a formatter --check plus a linter›	Unused template: What value does this marker get? This marker is in a workflow template of the baseline under `docs/ci/`, or in the text that describes it. The workflow templates are inert: no job runs them. The workflows of this project are separate files in `.github/workflows/`, and the jobs lint, tests and security of the template are not in them. The linter scripts of `docs/ci/` are not inert: the workflows of this project run `pr-link-lint` and `review-record-lint`. The marker stays open until the project uses the template.
docs/ci/gitlab-ci.yml	‹unit test command›	Unused template: What value does this marker get? This marker is in a workflow template of the baseline under `docs/ci/`, or in the text that describes it. The workflow templates are inert: no job runs them. The workflows of this project are separate files in `.github/workflows/`, and the jobs lint, tests and security of the template are not in them. The linter scripts of `docs/ci/` are not inert: the workflows of this project run `pr-link-lint` and `review-record-lint`. The marker stays open until the project uses the template.
docs/ci/gitlab-ci.yml	‹integration test command›	Unused template: What value does this marker get? This marker is in a workflow template of the baseline under `docs/ci/`, or in the text that describes it. The workflow templates are inert: no job runs them. The workflows of this project are separate files in `.github/workflows/`, and the jobs lint, tests and security of the template are not in them. The linter scripts of `docs/ci/` are not inert: the workflows of this project run `pr-link-lint` and `review-record-lint`. The marker stays open until the project uses the template.
docs/ci/gitlab-ci.yml	‹end-to-end test command›	Unused template: What value does this marker get? This marker is in a workflow template of the baseline under `docs/ci/`, or in the text that describes it. The workflow templates are inert: no job runs them. The workflows of this project are separate files in `.github/workflows/`, and the jobs lint, tests and security of the template are not in them. The linter scripts of `docs/ci/` are not inert: the workflows of this project run `pr-link-lint` and `review-record-lint`. The marker stays open until the project uses the template.
docs/ci/gitlab-ci.yml	‹test timeout›	Unused template: What value does this marker get? This marker is in a workflow template of the baseline under `docs/ci/`, or in the text that describes it. The workflow templates are inert: no job runs them. The workflows of this project are separate files in `.github/workflows/`, and the jobs lint, tests and security of the template are not in them. The linter scripts of `docs/ci/` are not inert: the workflows of this project run `pr-link-lint` and `review-record-lint`. The marker stays open until the project uses the template.
docs/ci/gitlab-ci.yml	‹security scanner image›	Unused template: What value does this marker get? This marker is in a workflow template of the baseline under `docs/ci/`, or in the text that describes it. The workflow templates are inert: no job runs them. The workflows of this project are separate files in `.github/workflows/`, and the jobs lint, tests and security of the template are not in them. The linter scripts of `docs/ci/` are not inert: the workflows of this project run `pr-link-lint` and `review-record-lint`. The marker stays open until the project uses the template.
docs/ci/gitlab-ci.yml	‹security test command›	Unused template: What value does this marker get? This marker is in a workflow template of the baseline under `docs/ci/`, or in the text that describes it. The workflow templates are inert: no job runs them. The workflows of this project are separate files in `.github/workflows/`, and the jobs lint, tests and security of the template are not in them. The linter scripts of `docs/ci/` are not inert: the workflows of this project run `pr-link-lint` and `review-record-lint`. The marker stays open until the project uses the template.
docs/ci/gitlab-ci.yml	‹security scanner›	Unused template: What value does this marker get? This marker is in a workflow template of the baseline under `docs/ci/`, or in the text that describes it. The workflow templates are inert: no job runs them. The workflows of this project are separate files in `.github/workflows/`, and the jobs lint, tests and security of the template are not in them. The linter scripts of `docs/ci/` are not inert: the workflows of this project run `pr-link-lint` and `review-record-lint`. The marker stays open until the project uses the template.
docs/engineering-discipline.md	‹your project treats as panel-worthy›	Working rule: Which decisions does this project treat as panel-worthy, so that a panel of models generates options for them (ADR-0006)? The problem statement does not say.
docs/engineering-discipline.md	‹name the failure modes that hurt you most,	Working rule: Which failure modes does the review lens correctness and failure modes name for this project? The baseline gives data leakage, race conditions, off-by-one errors and unhandled errors as examples. No document of this project says which failure modes a review looks for.
docs/engineering-discipline.md	‹for example money in currency, time in hours, counts such	Working rule: In which units does this project state the consequence of a risk to a reader? The baseline gives money in a currency, time in hours, and a count such as about 996 times in 1,000. The problem statement gives no rule for it.
docs/engineering-discipline.md	‹unit test command›	Working rule: Which command runs only the unit tests of this project? R-TEST-05 gives one command for all tests together: `go test ./...`, then `go test -race ./...`. It runs the unit, contract, store and end-to-end tests. The store tests use a local PostgreSQL (R-TEST-02). The problem statement gives no command for the unit tests alone.
docs/engineering-discipline.md	‹integration test command›	Working rule: Which command runs only the integration tests of this project? R-TEST-05 gives one command for all tests together: `go test ./...`, then `go test -race ./...`. The problem statement gives no command, tag or path that selects the integration tests alone.
docs/engineering-discipline.md	‹end-to-end test command›	Working rule: Which command runs only the end-to-end tests of this project? R-TEST-05 gives one command for all tests together: `go test ./...`, then `go test -race ./...`. The problem statement gives no command, tag or path that selects the end-to-end tests alone.
docs/engineering-discipline.md	‹security test command›	Working rule: Which command runs the security checks of this project: a secret scan, a dependency scan and a static-analysis scan? R-SEC-02 says that no secret may enter Git, prompts, public responses, fixtures or logs. The problem statement names no command for these checks.
docs/engineering-discipline.md	‹test timeout›	Working rule: Which time limit stops a test that hangs, and bounds the run of the pre-commit hook? Section 14.2 of the problem statement gives the timeouts of the service, and none for a test run. R-TEST-03 asks for barriers, observable states and controlled clocks instead of sleeps.
docs/engineering-discipline.md	‹the plan and its review›	Example field: What does this cell hold? It is a cell of the example table of the resource record of a task, in `docs/engineering-discipline.md`. A cell is set from what the harness reports when the task closes. It has no value for the project as a whole.
docs/engineering-discipline.md	‹model›	Example field: What does this cell hold? It is a cell of the example table of the resource record of a task, in `docs/engineering-discipline.md`. A cell is set from what the harness reports when the task closes. It has no value for the project as a whole.
docs/engineering-discipline.md	‹effort›	Example field: What does this cell hold? It is a cell of the example table of the resource record of a task, in `docs/engineering-discipline.md`. A cell is set from what the harness reports when the task closes. It has no value for the project as a whole.
docs/engineering-discipline.md	‹tokens›	Example field: What does this cell hold? It is a cell of the example table of the resource record of a task, in `docs/engineering-discipline.md`. A cell is set from what the harness reports when the task closes. It has no value for the project as a whole.
docs/engineering-discipline.md	‹wall-clock›	Example field: What does this cell hold? It is a cell of the example table of the resource record of a task, in `docs/engineering-discipline.md`. A cell is set from what the harness reports when the task closes. It has no value for the project as a whole.
docs/engineering-discipline.md	‹the decay review rounds›	Example field: What does this cell hold? It is a cell of the example table of the resource record of a task, in `docs/engineering-discipline.md`. A cell is set from what the harness reports when the task closes. It has no value for the project as a whole.
docs/engineering-discipline.md	‹writing the tests and the code›	Example field: What does this cell hold? It is a cell of the example table of the resource record of a task, in `docs/engineering-discipline.md`. A cell is set from what the harness reports when the task closes. It has no value for the project as a whole.
docs/engineering-discipline.md	‹isolate, guardrails, docs, close-out›	Example field: What does this cell hold? It is a cell of the example table of the resource record of a task, in `docs/engineering-discipline.md`. A cell is set from what the harness reports when the task closes. It has no value for the project as a whole.
docs/engineering-discipline.md	‹model / `not applicable`›	Example field: What does this cell hold? It is a cell of the example table of the resource record of a task, in `docs/engineering-discipline.md`. A cell is set from what the harness reports when the task closes. It has no value for the project as a whole.
docs/engineering-discipline.md	‹sum›	Example field: What does this cell hold? It is a cell of the example table of the resource record of a task, in `docs/engineering-discipline.md`. A cell is set from what the harness reports when the task closes. It has no value for the project as a whole.
docs/guardrails.md	‹test timeout›	Working rule: Which time limit stops a test that hangs, and bounds the run of the pre-commit hook? Section 14.2 of the problem statement gives the timeouts of the service, and none for a test run. R-TEST-03 asks for barriers, observable states and controlled clocks instead of sleeps.
docs/issue-workflow.md	‹add a coverage gate›	Working rule: Does this project add a coverage check to CI (the row Test coverage bar, rule R8)? The problem statement sets no coverage floor. Step S12 writes an open gap for the coverage floor of the test kind in `docs/gates/coverage-floor.txt`.
docs/prd/README.md	‹slug›	Example field: What does this field hold? It is the name part of the example file name PRD-NNNN-slug.md in `docs/prd/README.md`. It is set when a PRD is written. It has no value for the project as a whole.
docs/tasks/backlog.md	‹ID›	Example field: What does this field hold? It is part of the example line of a backlog entry, in a comment of `docs/tasks/backlog.md`. The field is set each time a task is added to the backlog. It has no value for the project as a whole.
docs/tasks/backlog.md	‹one-sentence summary›	Example field: What does this field hold? It is part of the example line of a backlog entry, in a comment of `docs/tasks/backlog.md`. The field is set each time a task is added to the backlog. It has no value for the project as a whole.
docs/tasks/backlog.md	‹ADR or doc link›	Example field: What does this field hold? It is part of the example line of a backlog entry, in a comment of `docs/tasks/backlog.md`. The field is set each time a task is added to the backlog. It has no value for the project as a whole.
docs/tasks/backlog.md	‹id›	Example field: What does this field hold? It is part of the example line of a backlog entry, in a comment of `docs/tasks/backlog.md`. The field is set each time a task is added to the backlog. It has no value for the project as a whole.
docs/tasks/completed.md	‹ID›	Example field: What does this field hold? It is part of the example line of a log entry, in a comment of `docs/tasks/completed.md`. The field is set each time a task is closed. It has no value for the project as a whole.
docs/tasks/completed.md	‹one-sentence summary of what the task found or delivered›	Example field: What does this field hold? It is part of the example line of a log entry, in a comment of `docs/tasks/completed.md`. The field is set each time a task is closed. It has no value for the project as a whole.
docs/tasks/completed.md	‹link›	Example field: What does this field hold? It is part of the example line of a log entry, in a comment of `docs/tasks/completed.md`. The field is set each time a task is closed. It has no value for the project as a whole.
docs/tasks/completed.md	‹id›	Example field: What does this field hold? It is part of the example line of a log entry, in a comment of `docs/tasks/completed.md`. The field is set each time a task is closed. It has no value for the project as a whole.
docs/tests/README.md	‹unit test command›	Working rule: Which command runs only the unit tests of this project? R-TEST-05 gives one command for all tests together: `go test ./...`, then `go test -race ./...`. It runs the unit, contract, store and end-to-end tests. The store tests use a local PostgreSQL (R-TEST-02). The problem statement gives no command for the unit tests alone.
docs/tests/README.md	‹integration test command›	Working rule: Which command runs only the integration tests of this project? R-TEST-05 gives one command for all tests together: `go test ./...`, then `go test -race ./...`. The problem statement gives no command, tag or path that selects the integration tests alone.
docs/tests/README.md	‹security scanner›	Working rule: Which tool is the security scanner of this project? R-SEC-02 says that no secret may enter Git, prompts, public responses, fixtures or logs. The problem statement names no scanner.
docs/tests/dod-checklist.md	‹every requirement has a test›	Example field: What does this cell hold? It is a cell of the example table The DoD, mapped to tests, in `docs/tests/dod-checklist.md`. A cell is set when a Definition-of-Done item is mapped to a test level and to a traceability row, and when the item is done. It has no value for the project as a whole.
docs/tests/dod-checklist.md	‹unit \| integration›	Example field: What does this cell hold? It is a cell of the example table The DoD, mapped to tests, in `docs/tests/dod-checklist.md`. A cell is set when a Definition-of-Done item is mapped to a test level and to a traceability row, and when the item is done. It has no value for the project as a whole.
docs/tests/dod-checklist.md	‹a REQ/NFR row in the traceability table›	Example field: What does this cell hold? It is a cell of the example table The DoD, mapped to tests, in `docs/tests/dod-checklist.md`. A cell is set when a Definition-of-Done item is mapped to a test level and to a traceability row, and when the item is done. It has no value for the project as a whole.
docs/tests/dod-checklist.md	‹✓ / ✗›	Example field: What does this cell hold? It is a cell of the example table The DoD, mapped to tests, in `docs/tests/dod-checklist.md`. A cell is set when a Definition-of-Done item is mapped to a test level and to a traceability row, and when the item is done. It has no value for the project as a whole.
docs/tests/dod-checklist.md	‹every user-facing path has a test›	Example field: What does this cell hold? It is a cell of the example table The DoD, mapped to tests, in `docs/tests/dod-checklist.md`. A cell is set when a Definition-of-Done item is mapped to a test level and to a traceability row, and when the item is done. It has no value for the project as a whole.
docs/tests/dod-checklist.md	‹e2e›	Example field: What does this cell hold? It is a cell of the example table The DoD, mapped to tests, in `docs/tests/dod-checklist.md`. A cell is set when a Definition-of-Done item is mapped to a test level and to a traceability row, and when the item is done. It has no value for the project as a whole.
docs/tests/dod-checklist.md	‹an E2E row per scenario›	Example field: What does this cell hold? It is a cell of the example table The DoD, mapped to tests, in `docs/tests/dod-checklist.md`. A cell is set when a Definition-of-Done item is mapped to a test level and to a traceability row, and when the item is done. It has no value for the project as a whole.
docs/tests/dod-checklist.md	‹a delivered feature is signed off by a person›	Example field: What does this cell hold? It is a cell of the example table The DoD, mapped to tests, in `docs/tests/dod-checklist.md`. A cell is set when a Definition-of-Done item is mapped to a test level and to a traceability row, and when the item is done. It has no value for the project as a whole.
docs/tests/dod-checklist.md	‹uat›	Example field: What does this cell hold? It is a cell of the example table The DoD, mapped to tests, in `docs/tests/dod-checklist.md`. A cell is set when a Definition-of-Done item is mapped to a test level and to a traceability row, and when the item is done. It has no value for the project as a whole.
docs/tests/dod-checklist.md	‹a UAT row, human-checked›	Example field: What does this cell hold? It is a cell of the example table The DoD, mapped to tests, in `docs/tests/dod-checklist.md`. A cell is set when a Definition-of-Done item is mapped to a test level and to a traceability row, and when the item is done. It has no value for the project as a whole.
docs/tests/dod-checklist.md	‹a bug fix has a test that fails on the old code›	Example field: What does this cell hold? It is a cell of the example table The DoD, mapped to tests, in `docs/tests/dod-checklist.md`. A cell is set when a Definition-of-Done item is mapped to a test level and to a traceability row, and when the item is done. It has no value for the project as a whole.
docs/tests/dod-checklist.md	‹a row citing the bug's task ID›	Example field: What does this cell hold? It is a cell of the example table The DoD, mapped to tests, in `docs/tests/dod-checklist.md`. A cell is set when a Definition-of-Done item is mapped to a test level and to a traceability row, and when the item is done. It has no value for the project as a whole.
docs/tests/dod-checklist.md	‹a known pitfall from guardrails.md is defended against›	Example field: What does this cell hold? It is a cell of the example table The DoD, mapped to tests, in `docs/tests/dod-checklist.md`. A cell is set when a Definition-of-Done item is mapped to a test level and to a traceability row, and when the item is done. It has no value for the project as a whole.
docs/tests/dod-checklist.md	‹unit \| integration \| e2e›	Example field: What does this cell hold? It is a cell of the example table The DoD, mapped to tests, in `docs/tests/dod-checklist.md`. A cell is set when a Definition-of-Done item is mapped to a test level and to a traceability row, and when the item is done. It has no value for the project as a whole.
docs/tests/dod-checklist.md	‹a row with a Guardrail cell filled in›	Example field: What does this cell hold? It is a cell of the example table The DoD, mapped to tests, in `docs/tests/dod-checklist.md`. A cell is set when a Definition-of-Done item is mapped to a test level and to a traceability row, and when the item is done. It has no value for the project as a whole.
docs/tests/dod-checklist.md	‹the review round citing commit, reviewer, lens and verdict›	Example field: What does this cell hold? It is a cell of the example table The DoD, mapped to tests, in `docs/tests/dod-checklist.md`. A cell is set when a Definition-of-Done item is mapped to a test level and to a traceability row, and when the item is done. It has no value for the project as a whole.
docs/tests/example-fact-to-test.md	‹unit test	Example field: What does this field hold? It is in the worked example `docs/tests/example-fact-to-test.md`, which names no test runner. It stands for the command of the unit tests in the example. It has no value for the project as a whole.
docs/tests/example-fact-to-test.md	‹unit test command›	Example field: What does this field hold? It is in the worked example `docs/tests/example-fact-to-test.md`, which names no test runner. It stands for the command of the unit tests in the example. It has no value for the project as a whole.
docs/tests/scaling-checklist.md	‹test timeout›	Working rule: Which time limit stops a test that hangs, and bounds the run of the pre-commit hook? Section 14.2 of the problem statement gives the timeouts of the service, and none for a test run. R-TEST-03 asks for barriers, observable states and controlled clocks instead of sleeps.
docs/tests/security-checklist.md	‹security test command›	Working rule: Which command runs the security checks of this project: a secret scan, a dependency scan and a static-analysis scan? R-SEC-02 says that no secret may enter Git, prompts, public responses, fixtures or logs. The problem statement names no command for these checks.
docs/tests/security-checklist.md	‹security scanner›	Working rule: Which tool is the security scanner of this project? R-SEC-02 says that no secret may enter Git, prompts, public responses, fixtures or logs. The problem statement names no scanner.
docs/tests/test-levels.md	‹unit test command›	Working rule: Which command runs only the unit tests of this project? R-TEST-05 gives one command for all tests together: `go test ./...`, then `go test -race ./...`. It runs the unit, contract, store and end-to-end tests. The store tests use a local PostgreSQL (R-TEST-02). The problem statement gives no command for the unit tests alone.
docs/tests/test-levels.md	‹integration test command›	Working rule: Which command runs only the integration tests of this project? R-TEST-05 gives one command for all tests together: `go test ./...`, then `go test -race ./...`. The problem statement gives no command, tag or path that selects the integration tests alone.
docs/tests/test-levels.md	‹end-to-end test command›	Working rule: Which command runs only the end-to-end tests of this project? R-TEST-05 gives one command for all tests together: `go test ./...`, then `go test -race ./...`. The problem statement gives no command, tag or path that selects the end-to-end tests alone.
docs/tests/test-levels.md	‹test timeout›	Working rule: Which time limit stops a test that hangs, and bounds the run of the pre-commit hook? Section 14.2 of the problem statement gives the timeouts of the service, and none for a test run. R-TEST-03 asks for barriers, observable states and controlled clocks instead of sleeps.
docs/tests/test-levels.md	‹security test command›	Working rule: Which command runs the security checks of this project: a secret scan, a dependency scan and a static-analysis scan? R-SEC-02 says that no secret may enter Git, prompts, public responses, fixtures or logs. The problem statement names no command for these checks.
docs/tests/test-levels.md	‹security scanner›	Working rule: Which tool is the security scanner of this project? R-SEC-02 says that no secret may enter Git, prompts, public responses, fixtures or logs. The problem statement names no scanner.
docs/gates/coverage-floor.txt	‹the coverage floor of the test kind›	Which coverage floor, in percent of the statements, must the tests of the test kind reach, and what is its evidence?
